order_id,customer_id,customer_name,customer_email,country,product_name,category,quantity,unit_price,discount_pct,total_amount,tax_amount,shipping_cost,grand_total,payment_method,channel,status,order_date,shipped_date,delivered_date,is_returning_customer,review_score
ORD-10001,CUST-1042,Amit Sharma,amit.sharma234@gmail.com,India,iPhone 15 Pro,Electronics,1,999.99,0,999.99,179.99,0.00,1179.98,UPI,organic,completed,2024-01-03,2024-01-05,2024-01-11,true,5
ORD-10002,CUST-2187,Priya Patel,priya.patel891@yahoo.com,India,Nike Air Max 270,Footwear,2,149.99,10,269.98,48.59,4.99,323.56,Credit Card,social_media,completed,2024-01-05,2024-01-07,2024-01-13,false,4
ORD-10003,CUST-3301,John Smith,john.smith445@outlook.com,USA,MacBook Air M3,Electronics,1,1299.99,0,1299.99,233.99,0.00,1533.98,Credit Card,paid_search,shipped,2024-01-06,2024-01-08,,true,
ORD-10004,CUST-1892,Sarah Johnson,sarah.johnson12@gmail.com,UK,Sony WH-1000XM5,Electronics,1,349.99,15,297.49,53.54,9.99,360.02,Debit Card,email,completed,2024-01-07,2024-01-09,2024-01-15,true,5
ORD-10005,CUST-4123,Mohammed Ali,mohammed.ali567@hotmail.com,UAE,Apple Watch Series 9,Electronics,1,399.99,0,399.99,71.99,0.00,471.98,Credit Card,direct,completed,2024-01-08,2024-01-10,2024-01-16,false,4
ORD-10006,CUST-2934,Emma Brown,emma.brown78@gmail.com,Australia,Dyson V15 Vacuum,Home,1,699.99,20,559.99,100.79,14.99,675.77,PayPal,referral,completed,2024-01-09,2024-01-11,2024-01-17,true,5
ORD-10007,CUST-1567,Raj Kumar,raj.kumar321@yahoo.com,India,Instant Pot Duo,Kitchen,2,89.99,5,170.98,30.77,4.99,206.74,UPI,organic,processing,2024-01-10,,,false,
ORD-10008,CUST-3789,Lisa Williams,lisa.williams654@gmail.com,USA,Kindle Paperwhite,Electronics,3,139.99,10,377.97,68.03,0.00,446.00,Credit Card,affiliate,completed,2024-01-11,2024-01-13,2024-01-19,true,4
ORD-10009,CUST-2456,James Davis,james.davis99@outlook.com,Canada,Levi's 501 Jeans,Apparel,2,69.99,0,139.98,25.19,9.99,175.16,Debit Card,social_media,completed,2024-01-12,2024-01-14,2024-01-20,false,3
ORD-10010,CUST-1234,Neha Singh,neha.singh456@gmail.com,India,Yoga Mat Premium,Sports,1,49.99,0,49.99,8.99,4.99,63.97,UPI,email,completed,2024-01-13,2024-01-15,2024-01-21,true,5
ORD-10011,CUST-3892,David Taylor,david.taylor22@gmail.com,USA,GoPro Hero 12,Electronics,1,399.99,0,399.99,71.99,0.00,471.98,Credit Card,paid_search,refunded,2024-01-14,2024-01-16,,true,
ORD-10012,CUST-4567,Aisha Khan,aisha.khan789@yahoo.com,UAE,iPad Air M2,Electronics,1,749.99,5,712.49,128.24,0.00,840.73,Apple Pay,direct,completed,2024-01-15,2024-01-17,2024-01-23,false,5
ORD-10013,CUST-2100,Carlos Garcia,carlos.garcia55@hotmail.com,USA,Nespresso Vertuo,Kitchen,2,179.99,10,323.98,58.31,4.99,387.28,Credit Card,organic,completed,2024-01-16,2024-01-18,2024-01-24,true,4
ORD-10014,CUST-1678,Yuki Tanaka,yuki.tanaka3@gmail.com,Japan,Canon EOS R50,Electronics,1,679.99,0,679.99,122.39,14.99,817.37,Credit Card,referral,shipped,2024-01-17,2024-01-19,,false,
ORD-10015,CUST-3345,Chen Wang,chen.wang901@outlook.com,Singapore,Ray-Ban Aviators,Accessories,2,154.99,15,263.48,47.42,0.00,310.90,Google Pay,social_media,completed,2024-01-18,2024-01-20,2024-01-26,true,4
ORD-10016,CUST-2890,Maria Martinez,maria.martinez67@gmail.com,USA,The North Face Jacket,Apparel,1,249.99,25,187.49,33.74,9.99,231.22,PayPal,email,completed,2024-01-19,2024-01-21,2024-01-27,false,5
ORD-10017,CUST-4234,Arjun Gupta,arjun.gupta12@yahoo.com,India,Samsung Galaxy S24,Electronics,1,849.99,0,849.99,152.99,0.00,1002.98,UPI,paid_search,completed,2024-01-20,2024-01-22,2024-01-28,true,4
ORD-10018,CUST-1999,Sophie Anderson,sophie.anderson88@gmail.com,UK,Protein Powder 5lb,Health,3,59.99,0,179.97,32.39,9.99,222.35,Debit Card,affiliate,completed,2024-01-21,2024-01-23,2024-01-29,true,5
ORD-10019,CUST-3123,Omar Hassan,omar.hassan44@hotmail.com,UAE,Fossil Smartwatch,Accessories,1,199.99,20,159.99,28.79,0.00,188.78,Credit Card,direct,cancelled,2024-01-22,,,false,
ORD-10020,CUST-2567,Zara Ahmed,zara.ahmed76@gmail.com,India,Adidas Ultraboost 23,Footwear,1,189.99,10,170.99,30.77,4.99,206.75,UPI,social_media,completed,2024-01-23,2024-01-25,2024-01-31,false,4
ORD-10021,CUST-1456,Amit Patel,amit.patel567@gmail.com,India,iPhone 15 Pro,Electronics,1,999.99,5,949.99,170.99,0.00,1120.98,UPI,organic,completed,2024-01-25,2024-01-27,2024-02-02,true,5
ORD-10022,CUST-3678,John Williams,john.williams234@outlook.com,USA,Sony WH-1000XM5,Electronics,2,349.99,0,699.98,125.99,0.00,825.97,Credit Card,paid_search,completed,2024-01-26,2024-01-28,2024-02-03,false,4
ORD-10023,CUST-2345,Priya Kumar,priya.kumar89@yahoo.com,India,Kindle Paperwhite,Electronics,1,139.99,0,139.99,25.19,4.99,170.17,UPI,email,completed,2024-01-27,2024-01-29,2024-02-04,true,5
ORD-10024,CUST-4890,Sarah Brown,sarah.brown12@gmail.com,UK,Dyson V15 Vacuum,Home,1,699.99,0,699.99,125.99,14.99,840.97,Debit Card,referral,shipped,2024-01-28,2024-01-30,,false,
ORD-10025,CUST-1789,James Singh,james.singh901@gmail.com,Canada,MacBook Air M3,Electronics,1,1299.99,10,1169.99,210.59,0.00,1380.58,Credit Card,direct,completed,2024-01-29,2024-01-31,2024-02-06,true,5
ORD-10026,CUST-3456,Emma Taylor,emma.taylor345@hotmail.com,Australia,Nike Air Max 270,Footwear,3,149.99,0,449.97,80.99,14.99,545.95,PayPal,social_media,completed,2024-02-01,2024-02-03,2024-02-09,false,4
ORD-10027,CUST-2678,Mohammed Khan,mohammed.khan678@gmail.com,UAE,Apple Watch Series 9,Electronics,2,399.99,15,679.98,122.39,0.00,802.37,Apple Pay,affiliate,completed,2024-02-02,2024-02-04,2024-02-10,true,5
ORD-10028,CUST-1345,Neha Sharma,neha.sharma456@yahoo.com,India,Yoga Mat Premium,Sports,2,49.99,0,99.98,17.99,4.99,122.96,UPI,organic,completed,2024-02-03,2024-02-05,2024-02-11,true,4
ORD-10029,CUST-4012,David Garcia,david.garcia22@outlook.com,USA,Instant Pot Duo,Kitchen,1,89.99,0,89.99,16.19,4.99,111.17,Credit Card,email,processing,2024-02-04,,,false,
ORD-10030,CUST-2890,Lisa Martinez,lisa.martinez789@gmail.com,USA,Levi's 501 Jeans,Apparel,4,69.99,25,209.97,37.79,9.99,257.75,Debit Card,paid_search,completed,2024-02-05,2024-02-07,2024-02-13,true,3
ORD-10031,CUST-3567,Raj Anderson,raj.anderson12@gmail.com,India,Samsung Galaxy S24,Electronics,1,849.99,20,679.99,122.39,0.00,802.38,UPI,direct,completed,2024-02-06,2024-02-08,2024-02-14,false,4
ORD-10032,CUST-1890,Aisha Davis,aisha.davis567@yahoo.com,UAE,Ray-Ban Aviators,Accessories,1,154.99,0,154.99,27.89,0.00,182.88,Credit Card,social_media,completed,2024-02-07,2024-02-09,2024-02-15,true,5
ORD-10033,CUST-4234,Carlos Johnson,carlos.johnson34@hotmail.com,USA,GoPro Hero 12,Electronics,1,399.99,10,359.99,64.79,0.00,424.78,Google Pay,referral,completed,2024-02-08,2024-02-10,2024-02-16,false,4
ORD-10034,CUST-2123,Yuki Tanaka,yuki.tanaka88@gmail.com,Japan,Nespresso Vertuo,Kitchen,2,179.99,0,359.98,64.79,4.99,429.76,Credit Card,organic,completed,2024-02-09,2024-02-11,2024-02-17,true,5
ORD-10035,CUST-3789,Chen Williams,chen.williams901@outlook.com,Singapore,Fossil Smartwatch,Accessories,1,199.99,5,189.99,34.19,0.00,224.18,PayPal,affiliate,refunded,2024-02-10,2024-02-12,,false,
ORD-10036,CUST-1567,Maria Gupta,maria.gupta45@gmail.com,India,iPad Air M2,Electronics,1,749.99,0,749.99,134.99,0.00,884.98,UPI,paid_search,completed,2024-02-11,2024-02-13,2024-02-19,true,5
ORD-10037,CUST-4456,Sophie Patel,sophie.patel678@yahoo.com,UK,The North Face Jacket,Apparel,2,249.99,10,449.98,80.99,9.99,540.96,Debit Card,email,completed,2024-02-12,2024-02-14,2024-02-20,false,4
ORD-10038,CUST-2789,Omar Smith,omar.smith123@gmail.com,UAE,Protein Powder 5lb,Health,4,59.99,15,203.96,36.71,0.00,240.67,Credit Card,direct,completed,2024-02-13,2024-02-15,2024-02-21,true,5
ORD-10039,CUST-1234,Zara Brown,zara.brown456@hotmail.com,India,Adidas Ultraboost 23,Footwear,1,189.99,0,189.99,34.19,4.99,229.17,UPI,social_media,completed,2024-02-14,2024-02-16,2024-02-22,false,3
ORD-10040,CUST-3890,Arjun Taylor,arjun.taylor789@gmail.com,India,Canon EOS R50,Electronics,1,679.99,25,509.99,91.79,0.00,601.78,Credit Card,organic,cancelled,2024-02-15,,,true,
ORD-10041,CUST-2345,Amit Kumar,amit.kumar234@outlook.com,India,iPhone 15 Pro,Electronics,2,999.99,0,1999.98,359.99,0.00,2359.97,UPI,paid_search,completed,2024-02-17,2024-02-19,2024-02-25,true,5
ORD-10042,CUST-4567,Priya Singh,priya.singh891@yahoo.com,India,Nike Air Max 270,Footwear,1,149.99,5,142.49,25.64,4.99,173.12,UPI,email,completed,2024-02-18,2024-02-20,2024-02-26,false,4
ORD-10043,CUST-1678,John Davis,john.davis445@gmail.com,USA,MacBook Air M3,Electronics,1,1299.99,15,1104.99,198.89,0.00,1303.88,Credit Card,affiliate,shipped,2024-02-19,2024-02-21,,true,
ORD-10044,CUST-3123,Sarah Martinez,sarah.martinez12@hotmail.com,UK,Sony WH-1000XM5,Electronics,1,349.99,0,349.99,62.99,9.99,422.97,Debit Card,referral,completed,2024-02-20,2024-02-22,2024-02-28,false,5
ORD-10045,CUST-2456,Mohammed Taylor,mohammed.taylor567@gmail.com,UAE,Apple Watch Series 9,Electronics,1,399.99,20,319.99,57.59,0.00,377.58,Apple Pay,direct,completed,2024-02-21,2024-02-23,2024-02-29,true,4
ORD-10046,CUST-1890,Emma Anderson,emma.anderson78@yahoo.com,Australia,Dyson V15 Vacuum,Home,1,699.99,10,629.99,113.39,14.99,758.37,PayPal,social_media,completed,2024-02-22,2024-02-24,2024-03-01,true,5
ORD-10047,CUST-4234,Raj Williams,raj.williams321@gmail.com,India,Instant Pot Duo,Kitchen,3,89.99,0,269.97,48.59,4.99,323.55,UPI,organic,processing,2024-02-23,,,false,
ORD-10048,CUST-3456,Lisa Khan,lisa.khan654@outlook.com,USA,Kindle Paperwhite,Electronics,2,139.99,5,265.98,47.87,0.00,313.85,Credit Card,paid_search,completed,2024-02-24,2024-02-26,2024-03-03,true,4
ORD-10049,CUST-2678,James Sharma,james.sharma99@gmail.com,Canada,Levi's 501 Jeans,Apparel,1,69.99,10,62.99,11.34,9.99,84.32,Debit Card,email,completed,2024-02-25,2024-02-27,2024-03-04,false,3
ORD-10050,CUST-1345,Neha Patel,neha.patel456@yahoo.com,India,Yoga Mat Premium,Sports,2,49.99,0,99.98,17.99,4.99,122.96,UPI,social_media,completed,2024-02-26,2024-02-28,2024-03-05,true,5
ORD-10051,CUST-4012,David Garcia,david.garcia567@gmail.com,USA,GoPro Hero 12,Electronics,1,399.99,5,379.99,68.39,0.00,448.38,Google Pay,affiliate,completed,2024-03-01,2024-03-03,2024-03-09,false,4
ORD-10052,CUST-2890,Aisha Brown,aisha.brown789@hotmail.com,UAE,Ray-Ban Aviators,Accessories,2,154.99,0,309.98,55.79,0.00,365.77,Credit Card,direct,completed,2024-03-02,2024-03-04,2024-03-10,true,5
ORD-10053,CUST-3567,Carlos Singh,carlos.singh12@gmail.com,USA,iPad Air M2,Electronics,1,749.99,15,637.49,114.74,0.00,752.23,Credit Card,organic,completed,2024-03-03,2024-03-05,2024-03-11,false,4
ORD-10054,CUST-1789,Yuki Johnson,yuki.johnson34@yahoo.com,Japan,Nespresso Vertuo,Kitchen,1,179.99,10,161.99,29.16,4.99,196.14,PayPal,referral,completed,2024-03-04,2024-03-06,2024-03-12,true,5
ORD-10055,CUST-4456,Chen Williams,chen.williams456@outlook.com,Singapore,Fossil Smartwatch,Accessories,1,199.99,0,199.99,35.99,0.00,235.98,Credit Card,paid_search,shipped,2024-03-05,2024-03-07,,false,
ORD-10056,CUST-2123,Maria Taylor,maria.taylor88@gmail.com,India,Samsung Galaxy S24,Electronics,1,849.99,10,764.99,137.69,0.00,902.68,UPI,email,completed,2024-03-06,2024-03-08,2024-03-14,true,4
ORD-10057,CUST-1567,Sophie Kumar,sophie.kumar678@yahoo.com,UK,The North Face Jacket,Apparel,1,249.99,20,199.99,35.99,9.99,245.97,Debit Card,social_media,completed,2024-03-07,2024-03-09,2024-03-15,false,5
ORD-10058,CUST-3789,Omar Patel,omar.patel123@gmail.com,UAE,Protein Powder 5lb,Health,2,59.99,0,119.98,21.59,0.00,141.57,Credit Card,affiliate,completed,2024-03-08,2024-03-10,2024-03-16,true,4
ORD-10059,CUST-2345,Zara Smith,zara.smith456@hotmail.com,India,Adidas Ultraboost 23,Footwear,2,189.99,5,360.98,64.97,4.99,430.94,UPI,direct,completed,2024-03-09,2024-03-11,2024-03-17,false,4
ORD-10060,CUST-4890,Arjun Davis,arjun.davis789@gmail.com,India,Canon EOS R50,Electronics,1,679.99,0,679.99,122.39,0.00,802.38,Credit Card,organic,completed,2024-03-10,2024-03-12,2024-03-18,true,5
ORD-10061,CUST-1234,Amit Anderson,amit.anderson234@outlook.com,India,MacBook Air M3,Electronics,1,1299.99,5,1234.99,222.29,0.00,1457.28,UPI,paid_search,completed,2024-03-12,2024-03-14,2024-03-20,true,5
ORD-10062,CUST-3123,Priya Williams,priya.williams891@yahoo.com,India,Nike Air Max 270,Footwear,2,149.99,0,299.98,53.99,4.99,358.96,UPI,email,completed,2024-03-13,2024-03-15,2024-03-21,false,4
ORD-10063,CUST-2456,John Garcia,john.garcia445@gmail.com,USA,Apple Watch Series 9,Electronics,1,399.99,10,359.99,64.79,0.00,424.78,Credit Card,affiliate,refunded,2024-03-14,2024-03-16,,true,
ORD-10064,CUST-1678,Sarah Khan,sarah.khan12@hotmail.com,UK,Sony WH-1000XM5,Electronics,2,349.99,15,594.98,107.09,9.99,712.06,Debit Card,referral,completed,2024-03-15,2024-03-17,2024-03-23,false,5
ORD-10065,CUST-4123,Mohammed Sharma,mohammed.sharma567@gmail.com,UAE,Dyson V15 Vacuum,Home,1,699.99,25,524.99,94.49,14.99,634.47,Apple Pay,direct,completed,2024-03-16,2024-03-18,2024-03-24,true,5
ORD-10066,CUST-2890,Emma Singh,emma.singh78@yahoo.com,Australia,Instant Pot Duo,Kitchen,2,89.99,0,179.98,32.39,4.99,217.36,PayPal,social_media,completed,2024-03-17,2024-03-19,2024-03-25,false,4
ORD-10067,CUST-3234,Raj Davis,raj.davis321@gmail.com,India,Kindle Paperwhite,Electronics,1,139.99,0,139.99,25.19,4.99,170.17,UPI,organic,completed,2024-03-18,2024-03-20,2024-03-26,true,4
ORD-10068,CUST-1890,Lisa Brown,lisa.brown654@outlook.com,USA,Levi's 501 Jeans,Apparel,3,69.99,10,188.97,34.01,9.99,232.97,Credit Card,paid_search,completed,2024-03-19,2024-03-21,2024-03-27,true,3
ORD-10069,CUST-4567,James Martinez,james.martinez99@gmail.com,Canada,Yoga Mat Premium,Sports,1,49.99,5,47.49,8.55,4.99,61.03,Debit Card,email,completed,2024-03-20,2024-03-22,2024-03-28,false,5
ORD-10070,CUST-2678,Neha Taylor,neha.taylor456@yahoo.com,India,GoPro Hero 12,Electronics,1,399.99,0,399.99,71.99,0.00,471.98,UPI,affiliate,cancelled,2024-03-21,,,true,
ORD-10071,CUST-1456,David Patel,david.patel22@gmail.com,USA,Ray-Ban Aviators,Accessories,1,154.99,20,123.99,22.31,0.00,146.30,Google Pay,direct,completed,2024-03-23,2024-03-25,2024-03-31,false,4
ORD-10072,CUST-3789,Aisha Kumar,aisha.kumar567@hotmail.com,UAE,iPad Air M2,Electronics,1,749.99,10,674.99,121.49,0.00,796.48,Credit Card,social_media,completed,2024-03-24,2024-03-26,2024-04-01,true,5
ORD-10073,CUST-2100,Carlos Johnson,carlos.johnson55@gmail.com,USA,Nespresso Vertuo,Kitchen,3,179.99,5,512.97,92.33,4.99,610.29,Credit Card,organic,completed,2024-03-25,2024-03-27,2024-04-02,false,4
ORD-10074,CUST-4234,Yuki Anderson,yuki.anderson3@yahoo.com,Japan,Fossil Smartwatch,Accessories,2,199.99,15,339.98,61.19,0.00,401.17,PayPal,referral,completed,2024-03-26,2024-03-28,2024-04-03,true,5
ORD-10075,CUST-1567,Chen Williams,chen.williams901@outlook.com,Singapore,Samsung Galaxy S24,Electronics,1,849.99,20,679.99,122.39,0.00,802.38,Credit Card,paid_search,shipped,2024-03-27,2024-03-29,,false,
ORD-10076,CUST-3345,Maria Smith,maria.smith67@gmail.com,USA,The North Face Jacket,Apparel,1,249.99,0,249.99,44.99,9.99,304.97,Debit Card,email,completed,2024-03-28,2024-03-30,2024-04-05,true,4
ORD-10077,CUST-2789,Arjun Gupta,arjun.gupta678@yahoo.com,India,Protein Powder 5lb,Health,5,59.99,20,239.96,43.19,0.00,283.15,UPI,social_media,completed,2024-03-29,2024-03-31,2024-04-06,false,5
ORD-10078,CUST-4012,Sophie Davis,sophie.davis88@gmail.com,UK,Adidas Ultraboost 23,Footwear,1,189.99,0,189.99,34.19,9.99,234.17,Credit Card,affiliate,completed,2024-03-30,2024-04-01,2024-04-07,true,4
ORD-10079,CUST-1999,Omar Brown,omar.brown44@hotmail.com,UAE,Canon EOS R50,Electronics,1,679.99,5,645.99,116.27,14.99,777.25,Apple Pay,direct,completed,2024-04-01,2024-04-03,2024-04-09,false,5
ORD-10080,CUST-3123,Zara Singh,zara.singh76@gmail.com,India,iPhone 15 Pro,Electronics,1,999.99,0,999.99,179.99,0.00,1179.98,UPI,organic,completed,2024-04-02,2024-04-04,2024-04-10,true,5
ORD-10081,CUST-2567,Amit Taylor,amit.taylor234@outlook.com,India,MacBook Air M3,Electronics,1,1299.99,0,1299.99,233.99,0.00,1533.98,UPI,paid_search,completed,2024-04-03,2024-04-05,2024-04-11,true,5
ORD-10082,CUST-1789,Priya Martinez,priya.martinez891@yahoo.com,India,Nike Air Max 270,Footwear,3,149.99,10,404.97,72.89,4.99,482.85,UPI,email,completed,2024-04-04,2024-04-06,2024-04-12,false,4
ORD-10083,CUST-4456,John Khan,john.khan445@gmail.com,USA,Sony WH-1000XM5,Electronics,1,349.99,5,332.49,59.84,0.00,392.33,Credit Card,affiliate,completed,2024-04-05,2024-04-07,2024-04-13,true,4
ORD-10084,CUST-2345,Sarah Sharma,sarah.sharma12@hotmail.com,UK,Apple Watch Series 9,Electronics,2,399.99,0,799.98,143.99,9.99,953.96,Debit Card,referral,completed,2024-04-06,2024-04-08,2024-04-14,false,5
ORD-10085,CUST-3678,Mohammed Patel,mohammed.patel567@gmail.com,UAE,Dyson V15 Vacuum,Home,1,699.99,15,594.99,107.09,14.99,717.07,Credit Card,direct,processing,2024-04-07,,,true,
ORD-10086,CUST-1234,Emma Davis,emma.davis78@yahoo.com,Australia,Instant Pot Duo,Kitchen,1,89.99,0,89.99,16.19,4.99,111.17,PayPal,social_media,completed,2024-04-08,2024-04-10,2024-04-16,false,4
ORD-10087,CUST-4890,Raj Brown,raj.brown321@gmail.com,India,Kindle Paperwhite,Electronics,2,139.99,15,237.98,42.83,4.99,285.80,UPI,organic,completed,2024-04-09,2024-04-11,2024-04-17,true,5
ORD-10088,CUST-2890,Lisa Anderson,lisa.anderson654@outlook.com,USA,Levi's 501 Jeans,Apparel,2,69.99,0,139.98,25.19,9.99,175.16,Credit Card,paid_search,refunded,2024-04-10,2024-04-12,,false,
ORD-10089,CUST-1456,James Singh,james.singh99@gmail.com,Canada,Yoga Mat Premium,Sports,3,49.99,5,142.47,25.64,4.99,173.10,Debit Card,email,completed,2024-04-11,2024-04-13,2024-04-19,true,4
ORD-10090,CUST-3234,Neha Garcia,neha.garcia456@yahoo.com,India,GoPro Hero 12,Electronics,1,399.99,20,319.99,57.59,0.00,377.58,UPI,affiliate,completed,2024-04-12,2024-04-14,2024-04-20,false,5
ORD-10091,CUST-2100,David Martinez,david.martinez22@gmail.com,USA,Ray-Ban Aviators,Accessories,2,154.99,10,278.98,50.21,0.00,329.19,Google Pay,direct,completed,2024-04-14,2024-04-16,2024-04-22,true,4
ORD-10092,CUST-4123,Aisha Johnson,aisha.johnson567@hotmail.com,UAE,iPad Air M2,Electronics,1,749.99,5,712.49,128.24,0.00,840.73,Apple Pay,social_media,completed,2024-04-15,2024-04-17,2024-04-23,false,5
ORD-10093,CUST-1678,Carlos Kumar,carlos.kumar34@gmail.com,USA,Nespresso Vertuo,Kitchen,2,179.99,0,359.98,64.79,4.99,429.76,Credit Card,organic,completed,2024-04-16,2024-04-18,2024-04-24,true,4
ORD-10094,CUST-3789,Yuki Williams,yuki.williams88@yahoo.com,Japan,Fossil Smartwatch,Accessories,1,199.99,25,149.99,26.99,0.00,176.98,PayPal,referral,completed,2024-04-17,2024-04-19,2024-04-25,false,3
ORD-10095,CUST-2456,Chen Gupta,chen.gupta901@outlook.com,Singapore,Samsung Galaxy S24,Electronics,2,849.99,10,1529.98,275.39,0.00,1805.37,Credit Card,paid_search,completed,2024-04-18,2024-04-20,2024-04-26,true,5
ORD-10096,CUST-1345,Maria Patel,maria.patel45@gmail.com,India,The North Face Jacket,Apparel,1,249.99,5,237.49,42.74,9.99,290.22,UPI,email,cancelled,2024-04-19,,,false,
ORD-10097,CUST-4567,Arjun Smith,arjun.smith12@yahoo.com,India,Protein Powder 5lb,Health,3,59.99,0,179.97,32.39,0.00,212.36,UPI,social_media,completed,2024-04-20,2024-04-22,2024-04-28,true,4
ORD-10098,CUST-2789,Sophie Taylor,sophie.taylor678@gmail.com,UK,Adidas Ultraboost 23,Footwear,2,189.99,15,322.98,58.13,9.99,391.10,Debit Card,affiliate,completed,2024-04-21,2024-04-23,2024-04-29,false,5
ORD-10099,CUST-1999,Omar Davis,omar.davis44@hotmail.com,UAE,Canon EOS R50,Electronics,1,679.99,10,611.99,110.15,14.99,737.13,Credit Card,direct,completed,2024-04-22,2024-04-24,2024-04-30,true,4
ORD-10100,CUST-3456,Zara Brown,zara.brown76@gmail.com,India,iPhone 15 Pro,Electronics,1,999.99,10,899.99,161.99,0.00,1061.98,UPI,organic,completed,2024-04-23,2024-04-25,2024-05-01,false,5
ORD-10101,CUST-2123,Amit Kumar,amit.kumar234@gmail.com,India,MacBook Air M3,Electronics,1,1299.99,20,1039.99,187.19,0.00,1227.18,UPI,paid_search,completed,2024-05-01,2024-05-03,2024-05-09,true,5
ORD-10102,CUST-4234,Priya Singh,priya.singh567@yahoo.com,India,Nike Air Max 270,Footwear,2,149.99,0,299.98,53.99,4.99,358.96,UPI,email,completed,2024-05-02,2024-05-04,2024-05-10,false,4
ORD-10103,CUST-1678,John Martinez,john.martinez445@outlook.com,USA,Sony WH-1000XM5,Electronics,1,349.99,10,314.99,56.69,0.00,371.68,Credit Card,affiliate,completed,2024-05-03,2024-05-05,2024-05-11,true,4
ORD-10104,CUST-3345,Sarah Patel,sarah.patel12@gmail.com,UK,Apple Watch Series 9,Electronics,1,399.99,0,399.99,71.99,9.99,481.97,Debit Card,referral,processing,2024-05-04,,,false,
ORD-10105,CUST-2567,Mohammed Sharma,mohammed.sharma78@yahoo.com,UAE,Dyson V15 Vacuum,Home,1,699.99,5,664.99,119.69,14.99,799.67,Apple Pay,direct,completed,2024-05-05,2024-05-07,2024-05-13,true,5
ORD-10106,CUST-1456,Emma Brown,emma.brown567@hotmail.com,Australia,Instant Pot Duo,Kitchen,2,89.99,10,161.98,29.15,4.99,196.12,PayPal,social_media,completed,2024-05-06,2024-05-08,2024-05-14,false,4
ORD-10107,CUST-4012,Raj Williams,raj.williams234@gmail.com,India,Kindle Paperwhite,Electronics,1,139.99,0,139.99,25.19,4.99,170.17,UPI,organic,completed,2024-05-07,2024-05-09,2024-05-15,true,5
ORD-10108,CUST-2890,Lisa Davis,lisa.davis654@outlook.com,USA,Levi's 501 Jeans,Apparel,3,69.99,15,178.47,32.12,9.99,220.58,Credit Card,paid_search,completed,2024-05-08,2024-05-10,2024-05-16,false,3
ORD-10109,CUST-3678,James Khan,james.khan99@gmail.com,Canada,Yoga Mat Premium,Sports,2,49.99,0,99.98,17.99,4.99,122.96,Debit Card,email,completed,2024-05-09,2024-05-11,2024-05-17,true,5
ORD-10110,CUST-1234,Neha Garcia,neha.garcia456@yahoo.com,India,GoPro Hero 12,Electronics,1,399.99,15,339.99,61.19,0.00,401.18,UPI,affiliate,completed,2024-05-10,2024-05-12,2024-05-18,false,4
ORD-10111,CUST-4890,David Johnson,david.johnson22@gmail.com,USA,Ray-Ban Aviators,Accessories,1,154.99,0,154.99,27.89,0.00,182.88,Google Pay,direct,completed,2024-05-12,2024-05-14,2024-05-20,true,5
ORD-10112,CUST-2678,Aisha Martinez,aisha.martinez567@hotmail.com,UAE,iPad Air M2,Electronics,1,749.99,20,599.99,107.99,0.00,707.98,Credit Card,social_media,completed,2024-05-13,2024-05-15,2024-05-21,false,5
ORD-10113,CUST-1789,Carlos Singh,carlos.singh34@gmail.com,USA,Nespresso Vertuo,Kitchen,1,179.99,5,170.99,30.77,4.99,206.75,Credit Card,organic,shipped,2024-05-14,2024-05-16,,true,
ORD-10114,CUST-3123,Yuki Smith,yuki.smith88@yahoo.com,Japan,Fossil Smartwatch,Accessories,2,199.99,0,399.98,71.99,0.00,471.97,PayPal,referral,completed,2024-05-15,2024-05-17,2024-05-23,false,4
ORD-10115,CUST-2345,Chen Williams,chen.williams901@outlook.com,Singapore,Samsung Galaxy S24,Electronics,1,849.99,0,849.99,152.99,0.00,1002.98,Credit Card,paid_search,completed,2024-05-16,2024-05-18,2024-05-24,true,5
ORD-10116,CUST-1567,Maria Gupta,maria.gupta67@gmail.com,India,The North Face Jacket,Apparel,2,249.99,10,449.98,80.99,9.99,540.96,UPI,email,completed,2024-05-17,2024-05-19,2024-05-25,false,4
ORD-10117,CUST-4456,Arjun Kumar,arjun.kumar12@yahoo.com,India,Protein Powder 5lb,Health,4,59.99,20,191.97,34.55,0.00,226.52,UPI,social_media,completed,2024-05-18,2024-05-20,2024-05-26,true,5
ORD-10118,CUST-2100,Sophie Davis,sophie.davis678@gmail.com,UK,Adidas Ultraboost 23,Footwear,1,189.99,5,180.49,32.48,9.99,222.96,Debit Card,affiliate,cancelled,2024-05-19,,,false,
ORD-10119,CUST-1999,Omar Patel,omar.patel44@hotmail.com,UAE,Canon EOS R50,Electronics,1,679.99,0,679.99,122.39,0.00,802.38,Credit Card,direct,completed,2024-05-20,2024-05-22,2024-05-28,true,5
ORD-10120,CUST-3789,Zara Brown,zara.brown789@gmail.com,India,iPhone 15 Pro,Electronics,2,999.99,5,1899.98,341.99,0.00,2241.97,UPI,organic,completed,2024-05-21,2024-05-23,2024-05-29,true,5
ORD-10121,CUST-2456,Amit Sharma,amit.sharma890@outlook.com,India,MacBook Air M3,Electronics,1,1299.99,10,1169.99,210.59,0.00,1380.58,UPI,paid_search,completed,2024-06-01,2024-06-03,2024-06-09,true,5
ORD-10122,CUST-1234,Priya Patel,priya.patel234@yahoo.com,India,Nike Air Max 270,Footwear,1,149.99,0,149.99,26.99,4.99,181.97,UPI,email,completed,2024-06-02,2024-06-04,2024-06-10,false,4
ORD-10123,CUST-4123,John Smith,john.smith678@gmail.com,USA,Sony WH-1000XM5,Electronics,2,349.99,20,559.98,100.79,0.00,660.77,Credit Card,affiliate,refunded,2024-06-03,2024-06-05,,true,
ORD-10124,CUST-3456,Sarah Johnson,sarah.johnson89@hotmail.com,UK,Apple Watch Series 9,Electronics,1,399.99,15,339.99,61.19,9.99,411.17,Debit Card,referral,completed,2024-06-04,2024-06-06,2024-06-12,false,5
ORD-10125,CUST-2789,Mohammed Ali,mohammed.ali901@gmail.com,UAE,Dyson V15 Vacuum,Home,1,699.99,0,699.99,125.99,14.99,840.97,Apple Pay,direct,completed,2024-06-05,2024-06-07,2024-06-13,true,5
ORD-10126,CUST-1890,Emma Brown,emma.brown234@yahoo.com,Australia,Instant Pot Duo,Kitchen,3,89.99,5,256.47,46.16,4.99,307.62,PayPal,social_media,completed,2024-06-06,2024-06-08,2024-06-14,false,4
ORD-10127,CUST-4567,Raj Kumar,raj.kumar567@gmail.com,India,Kindle Paperwhite,Electronics,2,139.99,10,251.98,45.35,4.99,302.32,UPI,organic,completed,2024-06-07,2024-06-09,2024-06-15,true,4
ORD-10128,CUST-2678,Lisa Williams,lisa.williams12@outlook.com,USA,Levi's 501 Jeans,Apparel,4,69.99,0,279.96,50.39,9.99,340.34,Credit Card,paid_search,completed,2024-06-08,2024-06-10,2024-06-16,false,3
ORD-10129,CUST-1345,James Davis,james.davis456@gmail.com,Canada,Yoga Mat Premium,Sports,1,49.99,10,44.99,8.09,4.99,58.07,Debit Card,email,completed,2024-06-09,2024-06-11,2024-06-17,true,5
ORD-10130,CUST-3890,Neha Singh,neha.singh789@yahoo.com,India,GoPro Hero 12,Electronics,1,399.99,25,299.99,53.99,0.00,353.98,UPI,affiliate,completed,2024-06-10,2024-06-12,2024-06-18,false,4
ORD-10131,CUST-2100,David Taylor,david.taylor567@gmail.com,USA,Ray-Ban Aviators,Accessories,3,154.99,10,418.47,75.32,0.00,493.79,Google Pay,direct,completed,2024-06-12,2024-06-14,2024-06-20,true,5
ORD-10132,CUST-4234,Aisha Khan,aisha.khan234@hotmail.com,UAE,iPad Air M2,Electronics,1,749.99,10,674.99,121.49,0.00,796.48,Credit Card,social_media,completed,2024-06-13,2024-06-15,2024-06-21,false,5
ORD-10133,CUST-1678,Carlos Johnson,carlos.johnson890@gmail.com,USA,Nespresso Vertuo,Kitchen,2,179.99,15,305.98,55.07,4.99,366.04,Credit Card,organic,shipped,2024-06-14,2024-06-16,,true,
ORD-10134,CUST-3123,Yuki Williams,yuki.williams34@yahoo.com,Japan,Fossil Smartwatch,Accessories,1,199.99,0,199.99,35.99,0.00,235.98,PayPal,referral,completed,2024-06-15,2024-06-17,2024-06-23,false,4
ORD-10135,CUST-2567,Chen Garcia,chen.garcia901@outlook.com,Singapore,Samsung Galaxy S24,Electronics,1,849.99,15,722.49,130.04,0.00,852.53,Credit Card,paid_search,completed,2024-06-16,2024-06-18,2024-06-24,true,5
ORD-10136,CUST-1456,Maria Sharma,maria.sharma45@gmail.com,India,The North Face Jacket,Apparel,1,249.99,0,249.99,44.99,9.99,304.97,UPI,email,completed,2024-06-17,2024-06-19,2024-06-25,false,4
ORD-10137,CUST-4012,Arjun Singh,arjun.singh12@yahoo.com,India,Protein Powder 5lb,Health,2,59.99,0,119.98,21.59,0.00,141.57,UPI,social_media,completed,2024-06-18,2024-06-20,2024-06-26,true,5
ORD-10138,CUST-2890,Sophie Patel,sophie.patel678@gmail.com,UK,Adidas Ultraboost 23,Footwear,2,189.99,20,303.98,54.71,9.99,368.68,Debit Card,affiliate,completed,2024-06-19,2024-06-21,2024-06-27,false,4
ORD-10139,CUST-1999,Omar Kumar,omar.kumar44@hotmail.com,UAE,Canon EOS R50,Electronics,1,679.99,15,577.99,104.03,14.99,696.01,Credit Card,direct,completed,2024-06-20,2024-06-22,2024-06-28,true,5
ORD-10140,CUST-3567,Zara Williams,zara.williams76@gmail.com,India,iPhone 15 Pro,Electronics,1,999.99,0,999.99,179.99,0.00,1179.98,UPI,organic,completed,2024-06-21,2024-06-23,2024-06-29,false,5
ORD-10141,CUST-2345,Amit Patel,amit.patel890@outlook.com,India,MacBook Air M3,Electronics,1,1299.99,25,974.99,175.49,0.00,1150.48,UPI,paid_search,completed,2024-07-01,2024-07-03,2024-07-09,true,5
ORD-10142,CUST-4890,Priya Sharma,priya.sharma234@yahoo.com,India,Nike Air Max 270,Footwear,3,149.99,5,427.47,76.94,4.99,509.40,UPI,email,completed,2024-07-02,2024-07-04,2024-07-10,false,4
ORD-10143,CUST-1789,John Garcia,john.garcia678@gmail.com,USA,Sony WH-1000XM5,Electronics,1,349.99,0,349.99,62.99,0.00,412.98,Credit Card,affiliate,completed,2024-07-03,2024-07-05,2024-07-11,true,4
ORD-10144,CUST-3234,Sarah Kumar,sarah.kumar12@hotmail.com,UK,Apple Watch Series 9,Electronics,2,399.99,10,719.98,129.59,9.99,859.56,Debit Card,referral,completed,2024-07-04,2024-07-06,2024-07-12,false,5
ORD-10145,CUST-2100,Mohammed Williams,mohammed.williams567@gmail.com,UAE,Dyson V15 Vacuum,Home,1,699.99,20,559.99,100.79,14.99,675.77,Apple Pay,direct,processing,2024-07-05,,,true,
ORD-10146,CUST-1234,Emma Singh,emma.singh78@yahoo.com,Australia,Instant Pot Duo,Kitchen,1,89.99,0,89.99,16.19,4.99,111.17,PayPal,social_media,completed,2024-07-06,2024-07-08,2024-07-14,false,3
ORD-10147,CUST-4123,Raj Davis,raj.davis234@gmail.com,India,Kindle Paperwhite,Electronics,3,139.99,5,398.97,71.81,4.99,475.77,UPI,organic,completed,2024-07-07,2024-07-09,2024-07-15,true,5
ORD-10148,CUST-2678,Lisa Brown,lisa.brown456@outlook.com,USA,Levi's 501 Jeans,Apparel,2,69.99,0,139.98,25.19,9.99,175.16,Credit Card,paid_search,refunded,2024-07-08,2024-07-10,,false,
ORD-10149,CUST-1890,James Martinez,james.martinez99@gmail.com,Canada,Yoga Mat Premium,Sports,4,49.99,10,179.96,32.39,4.99,217.34,Debit Card,email,completed,2024-07-09,2024-07-11,2024-07-17,true,4
ORD-10150,CUST-3789,Neha Khan,neha.khan456@yahoo.com,India,GoPro Hero 12,Electronics,1,399.99,0,399.99,71.99,0.00,471.98,UPI,affiliate,completed,2024-07-10,2024-07-12,2024-07-18,false,5
ORD-10151,CUST-2456,David Garcia,david.garcia890@gmail.com,USA,Ray-Ban Aviators,Accessories,2,154.99,15,263.48,47.42,0.00,310.90,Google Pay,direct,completed,2024-07-12,2024-07-14,2024-07-20,true,4
ORD-10152,CUST-1567,Aisha Patel,aisha.patel567@hotmail.com,UAE,iPad Air M2,Electronics,1,749.99,0,749.99,134.99,0.00,884.98,Credit Card,social_media,completed,2024-07-13,2024-07-15,2024-07-21,false,5
ORD-10153,CUST-4567,Carlos Williams,carlos.williams34@gmail.com,USA,Nespresso Vertuo,Kitchen,3,179.99,10,485.97,87.47,4.99,578.43,Credit Card,organic,completed,2024-07-14,2024-07-16,2024-07-22,true,4
ORD-10154,CUST-2789,Yuki Singh,yuki.singh88@yahoo.com,Japan,Fossil Smartwatch,Accessories,1,199.99,5,189.99,34.19,0.00,224.18,PayPal,referral,completed,2024-07-15,2024-07-17,2024-07-23,false,4
ORD-10155,CUST-1345,Chen Sharma,chen.sharma901@outlook.com,Singapore,Samsung Galaxy S24,Electronics,2,849.99,0,1699.98,305.99,0.00,2005.97,Credit Card,paid_search,completed,2024-07-16,2024-07-18,2024-07-24,true,5
ORD-10156,CUST-3456,Maria Gupta,maria.gupta45@gmail.com,India,The North Face Jacket,Apparel,1,249.99,15,212.49,38.24,9.99,260.72,UPI,email,completed,2024-07-17,2024-07-19,2024-07-25,false,4
ORD-10157,CUST-2123,Arjun Kumar,arjun.kumar678@yahoo.com,India,Protein Powder 5lb,Health,5,59.99,25,224.96,40.49,0.00,265.45,UPI,social_media,completed,2024-07-18,2024-07-20,2024-07-26,true,5
ORD-10158,CUST-4234,Sophie Smith,sophie.smith88@gmail.com,UK,Adidas Ultraboost 23,Footwear,1,189.99,0,189.99,34.19,9.99,234.17,Debit Card,affiliate,cancelled,2024-07-19,,,false,
ORD-10159,CUST-1999,Omar Davis,omar.davis44@hotmail.com,UAE,Canon EOS R50,Electronics,1,679.99,20,543.99,97.91,14.99,656.89,Credit Card,direct,completed,2024-07-20,2024-07-22,2024-07-28,true,4
ORD-10160,CUST-3890,Zara Williams,zara.williams890@gmail.com,India,iPhone 15 Pro,Electronics,1,999.99,15,849.99,152.99,0.00,1002.98,UPI,organic,completed,2024-07-21,2024-07-23,2024-07-29,false,5
ORD-10161,CUST-2567,Amit Singh,amit.singh234@outlook.com,India,MacBook Air M3,Electronics,1,1299.99,0,1299.99,233.99,0.00,1533.98,UPI,paid_search,completed,2024-08-01,2024-08-03,2024-08-09,true,5
ORD-10162,CUST-1678,Priya Davis,priya.davis891@yahoo.com,India,Nike Air Max 270,Footwear,2,149.99,20,239.98,43.19,4.99,288.16,UPI,email,completed,2024-08-02,2024-08-04,2024-08-10,false,4
ORD-10163,CUST-4456,John Brown,john.brown445@gmail.com,USA,Sony WH-1000XM5,Electronics,1,349.99,5,332.49,59.84,0.00,392.33,Credit Card,affiliate,completed,2024-08-03,2024-08-05,2024-08-11,true,4
ORD-10164,CUST-2890,Sarah Garcia,sarah.garcia12@hotmail.com,UK,Apple Watch Series 9,Electronics,1,399.99,0,399.99,71.99,9.99,481.97,Debit Card,referral,processing,2024-08-04,,,false,
ORD-10165,CUST-1456,Mohammed Kumar,mohammed.kumar567@gmail.com,UAE,Dyson V15 Vacuum,Home,1,699.99,10,629.99,113.39,14.99,758.37,Apple Pay,direct,completed,2024-08-05,2024-08-07,2024-08-13,true,5
ORD-10166,CUST-3678,Emma Williams,emma.williams78@yahoo.com,Australia,Instant Pot Duo,Kitchen,2,89.99,0,179.98,32.39,4.99,217.36,PayPal,social_media,completed,2024-08-06,2024-08-08,2024-08-14,false,4
ORD-10167,CUST-2345,Raj Johnson,raj.johnson321@gmail.com,India,Kindle Paperwhite,Electronics,1,139.99,15,118.99,21.41,4.99,145.39,UPI,organic,completed,2024-08-07,2024-08-09,2024-08-15,true,5
ORD-10168,CUST-4012,Lisa Khan,lisa.khan654@outlook.com,USA,Levi's 501 Jeans,Apparel,3,69.99,0,209.97,37.79,9.99,257.75,Credit Card,paid_search,completed,2024-08-08,2024-08-10,2024-08-16,false,3
ORD-10169,CUST-1789,James Singh,james.singh99@gmail.com,Canada,Yoga Mat Premium,Sports,2,49.99,5,94.98,17.09,4.99,117.06,Debit Card,email,completed,2024-08-09,2024-08-11,2024-08-17,true,5
ORD-10170,CUST-3123,Neha Garcia,neha.garcia789@yahoo.com,India,GoPro Hero 12,Electronics,1,399.99,10,359.99,64.79,0.00,424.78,UPI,affiliate,completed,2024-08-10,2024-08-12,2024-08-18,false,4
ORD-10171,CUST-2100,David Martinez,david.martinez890@gmail.com,USA,Ray-Ban Aviators,Accessories,2,154.99,0,309.98,55.79,0.00,365.77,Google Pay,direct,completed,2024-08-12,2024-08-14,2024-08-20,true,5
ORD-10172,CUST-4890,Aisha Patel,aisha.patel234@hotmail.com,UAE,iPad Air M2,Electronics,1,749.99,25,562.49,101.24,0.00,663.73,Credit Card,social_media,completed,2024-08-13,2024-08-15,2024-08-21,false,5
ORD-10173,CUST-1234,Carlos Sharma,carlos.sharma34@gmail.com,USA,Nespresso Vertuo,Kitchen,1,179.99,0,179.99,32.39,4.99,217.37,Credit Card,organic,shipped,2024-08-14,2024-08-16,,true,
ORD-10174,CUST-3789,Yuki Kumar,yuki.kumar88@yahoo.com,Japan,Fossil Smartwatch,Accessories,1,199.99,10,179.99,32.39,0.00,212.38,PayPal,referral,completed,2024-08-15,2024-08-17,2024-08-23,false,3
ORD-10175,CUST-2678,Chen Gupta,chen.gupta123@outlook.com,Singapore,Samsung Galaxy S24,Electronics,1,849.99,5,807.49,145.34,0.00,952.83,Credit Card,paid_search,completed,2024-08-16,2024-08-18,2024-08-24,true,5
ORD-10176,CUST-1567,Maria Williams,maria.williams45@gmail.com,India,The North Face Jacket,Apparel,2,249.99,20,399.98,71.99,9.99,481.96,UPI,email,completed,2024-08-17,2024-08-19,2024-08-25,false,4
ORD-10177,CUST-4123,Arjun Smith,arjun.smith678@yahoo.com,India,Protein Powder 5lb,Health,3,59.99,0,179.97,32.39,0.00,212.36,UPI,social_media,completed,2024-08-18,2024-08-20,2024-08-26,true,4
ORD-10178,CUST-2456,Sophie Davis,sophie.davis234@gmail.com,UK,Adidas Ultraboost 23,Footwear,2,189.99,15,322.98,58.13,9.99,391.10,Debit Card,affiliate,completed,2024-08-19,2024-08-21,2024-08-27,false,5
ORD-10179,CUST-1999,Omar Brown,omar.brown789@hotmail.com,UAE,Canon EOS R50,Electronics,1,679.99,0,679.99,122.39,0.00,802.38,Credit Card,direct,completed,2024-08-20,2024-08-22,2024-08-28,true,5
ORD-10180,CUST-3456,Zara Singh,zara.singh76@gmail.com,India,iPhone 15 Pro,Electronics,1,999.99,20,799.99,143.99,0.00,943.98,UPI,organic,completed,2024-08-21,2024-08-23,2024-08-29,false,4
ORD-10181,CUST-2789,Amit Williams,amit.williams890@outlook.com,India,MacBook Air M3,Electronics,1,1299.99,5,1234.99,222.29,0.00,1457.28,UPI,paid_search,completed,2024-09-02,2024-09-04,2024-09-10,true,5
ORD-10182,CUST-1890,Priya Johnson,priya.johnson234@yahoo.com,India,Nike Air Max 270,Footwear,4,149.99,10,539.96,97.19,4.99,642.14,UPI,email,completed,2024-09-03,2024-09-05,2024-09-11,false,4
ORD-10183,CUST-4567,John Kumar,john.kumar445@gmail.com,USA,Sony WH-1000XM5,Electronics,2,349.99,0,699.98,125.99,0.00,825.97,Credit Card,affiliate,refunded,2024-09-04,2024-09-06,,true,
ORD-10184,CUST-2123,Sarah Williams,sarah.williams12@hotmail.com,UK,Apple Watch Series 9,Electronics,1,399.99,5,379.99,68.39,9.99,458.37,Debit Card,referral,completed,2024-09-05,2024-09-07,2024-09-13,false,5
ORD-10185,CUST-1345,Mohammed Sharma,mohammed.sharma901@gmail.com,UAE,Dyson V15 Vacuum,Home,1,699.99,0,699.99,125.99,14.99,840.97,Apple Pay,direct,completed,2024-09-06,2024-09-08,2024-09-14,true,5
ORD-10186,CUST-3678,Emma Patel,emma.patel78@yahoo.com,Australia,Instant Pot Duo,Kitchen,2,89.99,10,161.98,29.15,4.99,196.12,PayPal,social_media,completed,2024-09-07,2024-09-09,2024-09-15,false,4
ORD-10187,CUST-2567,Raj Davis,raj.davis567@gmail.com,India,Kindle Paperwhite,Electronics,1,139.99,0,139.99,25.19,4.99,170.17,UPI,organic,completed,2024-09-08,2024-09-10,2024-09-16,true,5
ORD-10188,CUST-4234,Lisa Brown,lisa.brown456@outlook.com,USA,Levi's 501 Jeans,Apparel,2,69.99,5,132.98,23.93,9.99,166.90,Credit Card,paid_search,completed,2024-09-09,2024-09-11,2024-09-17,false,3
ORD-10189,CUST-1678,James Martinez,james.martinez234@gmail.com,Canada,Yoga Mat Premium,Sports,1,49.99,0,49.99,8.99,4.99,63.97,Debit Card,email,completed,2024-09-10,2024-09-12,2024-09-18,true,5
ORD-10190,CUST-3234,Neha Williams,neha.williams789@yahoo.com,India,GoPro Hero 12,Electronics,1,399.99,15,339.99,61.19,0.00,401.18,UPI,affiliate,completed,2024-09-11,2024-09-13,2024-09-19,false,4
ORD-10191,CUST-2890,David Johnson,david.johnson890@gmail.com,USA,Ray-Ban Aviators,Accessories,1,154.99,20,123.99,22.31,0.00,146.30,Google Pay,direct,completed,2024-09-13,2024-09-15,2024-09-21,true,5
ORD-10192,CUST-4012,Aisha Garcia,aisha.garcia567@hotmail.com,UAE,iPad Air M2,Electronics,1,749.99,15,637.49,114.74,0.00,752.23,Credit Card,social_media,completed,2024-09-14,2024-09-16,2024-09-22,false,5
ORD-10193,CUST-1456,Carlos Singh,carlos.singh890@gmail.com,USA,Nespresso Vertuo,Kitchen,2,179.99,5,341.98,61.55,4.99,408.52,Credit Card,organic,shipped,2024-09-15,2024-09-17,,true,
ORD-10194,CUST-3890,Yuki Patel,yuki.patel88@yahoo.com,Japan,Fossil Smartwatch,Accessories,2,199.99,0,399.98,71.99,0.00,471.97,PayPal,referral,completed,2024-09-16,2024-09-18,2024-09-24,false,4
ORD-10195,CUST-2345,Chen Kumar,chen.kumar901@outlook.com,Singapore,Samsung Galaxy S24,Electronics,1,849.99,10,764.99,137.69,0.00,902.68,Credit Card,paid_search,completed,2024-09-17,2024-09-19,2024-09-25,true,5
ORD-10196,CUST-1789,Maria Sharma,maria.sharma67@gmail.com,India,The North Face Jacket,Apparel,1,249.99,0,249.99,44.99,9.99,304.97,UPI,email,completed,2024-09-18,2024-09-20,2024-09-26,false,4
ORD-10197,CUST-4890,Arjun Williams,arjun.williams12@yahoo.com,India,Protein Powder 5lb,Health,4,59.99,20,191.97,34.55,0.00,226.52,UPI,social_media,completed,2024-09-19,2024-09-21,2024-09-27,true,5
ORD-10198,CUST-2100,Sophie Johnson,sophie.johnson678@gmail.com,UK,Adidas Ultraboost 23,Footwear,1,189.99,10,170.99,30.77,9.99,211.75,Debit Card,affiliate,cancelled,2024-09-20,,,false,
ORD-10199,CUST-1999,Omar Sharma,omar.sharma44@hotmail.com,UAE,Canon EOS R50,Electronics,1,679.99,5,645.99,116.27,14.99,777.25,Credit Card,direct,completed,2024-09-21,2024-09-23,2024-09-29,true,4
ORD-10200,CUST-3567,Zara Patel,zara.patel76@gmail.com,India,iPhone 15 Pro,Electronics,1,999.99,0,999.99,179.99,0.00,1179.98,UPI,organic,completed,2024-09-22,2024-09-24,2024-09-30,false,5
ORD-10201,CUST-2678,Amit Davis,amit.davis234@outlook.com,India,MacBook Air M3,Electronics,1,1299.99,15,1104.99,198.89,0.00,1303.88,UPI,paid_search,completed,2024-10-01,2024-10-03,2024-10-09,true,5
ORD-10202,CUST-1234,Priya Brown,priya.brown891@yahoo.com,India,Nike Air Max 270,Footwear,3,149.99,0,449.97,80.99,4.99,535.95,UPI,email,completed,2024-10-02,2024-10-04,2024-10-10,false,4
ORD-10203,CUST-4456,John Singh,john.singh445@gmail.com,USA,Sony WH-1000XM5,Electronics,1,349.99,20,279.99,50.39,0.00,330.38,Credit Card,affiliate,completed,2024-10-03,2024-10-05,2024-10-11,true,5
ORD-10204,CUST-2890,Sarah Patel,sarah.patel12@hotmail.com,UK,Apple Watch Series 9,Electronics,2,399.99,0,799.98,143.99,9.99,953.96,Debit Card,referral,completed,2024-10-04,2024-10-06,2024-10-12,false,5
ORD-10205,CUST-1678,Mohammed Gupta,mohammed.gupta567@gmail.com,UAE,Dyson V15 Vacuum,Home,1,699.99,10,629.99,113.39,14.99,758.37,Apple Pay,direct,processing,2024-10-05,,,true,
ORD-10206,CUST-3456,Emma Kumar,emma.kumar78@yahoo.com,Australia,Instant Pot Duo,Kitchen,3,89.99,5,256.47,46.16,4.99,307.62,PayPal,social_media,completed,2024-10-06,2024-10-08,2024-10-14,false,4
ORD-10207,CUST-2123,Raj Williams,raj.williams567@gmail.com,India,Kindle Paperwhite,Electronics,2,139.99,10,251.98,45.35,4.99,302.32,UPI,organic,completed,2024-10-07,2024-10-09,2024-10-15,true,4
ORD-10208,CUST-4234,Lisa Johnson,lisa.johnson654@outlook.com,USA,Levi's 501 Jeans,Apparel,4,69.99,15,237.96,42.83,9.99,290.78,Credit Card,paid_search,completed,2024-10-08,2024-10-10,2024-10-16,false,3
ORD-10209,CUST-1890,James Sharma,james.sharma99@gmail.com,Canada,Yoga Mat Premium,Sports,3,49.99,0,149.97,26.99,4.99,181.95,Debit Card,email,completed,2024-10-09,2024-10-11,2024-10-17,true,5
ORD-10210,CUST-3789,Neha Patel,neha.patel789@yahoo.com,India,GoPro Hero 12,Electronics,1,399.99,5,379.99,68.39,0.00,448.38,UPI,affiliate,completed,2024-10-10,2024-10-12,2024-10-18,false,4
ORD-10211,CUST-2456,David Singh,david.singh890@gmail.com,USA,Ray-Ban Aviators,Accessories,2,154.99,10,278.98,50.21,0.00,329.19,Google Pay,direct,completed,2024-10-12,2024-10-14,2024-10-20,true,5
ORD-10212,CUST-1567,Aisha Williams,aisha.williams234@hotmail.com,UAE,iPad Air M2,Electronics,1,749.99,20,599.99,107.99,0.00,707.98,Credit Card,social_media,completed,2024-10-13,2024-10-15,2024-10-21,false,5
ORD-10213,CUST-4123,Carlos Patel,carlos.patel34@gmail.com,USA,Nespresso Vertuo,Kitchen,2,179.99,0,359.98,64.79,4.99,429.76,Credit Card,organic,completed,2024-10-14,2024-10-16,2024-10-22,true,4
ORD-10214,CUST-2789,Yuki Kumar,yuki.kumar567@yahoo.com,Japan,Fossil Smartwatch,Accessories,1,199.99,15,169.99,30.59,0.00,200.58,PayPal,referral,completed,2024-10-15,2024-10-17,2024-10-23,false,4
ORD-10215,CUST-1345,Chen Williams,chen.williams123@outlook.com,Singapore,Samsung Galaxy S24,Electronics,2,849.99,5,1614.98,290.69,0.00,1905.67,Credit Card,paid_search,completed,2024-10-16,2024-10-18,2024-10-24,true,5
ORD-10216,CUST-3234,Maria Singh,maria.singh45@gmail.com,India,The North Face Jacket,Apparel,1,249.99,25,187.49,33.74,9.99,231.22,UPI,email,completed,2024-10-17,2024-10-19,2024-10-25,false,4
ORD-10217,CUST-2567,Arjun Davis,arjun.davis678@yahoo.com,India,Protein Powder 5lb,Health,3,59.99,0,179.97,32.39,0.00,212.36,UPI,social_media,completed,2024-10-18,2024-10-20,2024-10-26,true,5
ORD-10218,CUST-4012,Sophie Brown,sophie.brown88@gmail.com,UK,Adidas Ultraboost 23,Footwear,2,189.99,0,379.98,68.39,9.99,458.36,Debit Card,affiliate,completed,2024-10-19,2024-10-21,2024-10-27,false,4
ORD-10219,CUST-1999,Omar Williams,omar.williams44@hotmail.com,UAE,Canon EOS R50,Electronics,1,679.99,10,611.99,110.15,14.99,737.13,Credit Card,direct,completed,2024-10-20,2024-10-22,2024-10-28,true,5
ORD-10220,CUST-3890,Zara Gupta,zara.gupta76@gmail.com,India,iPhone 15 Pro,Electronics,1,999.99,5,949.99,170.99,0.00,1120.98,UPI,organic,completed,2024-10-21,2024-10-23,2024-10-29,false,5
ORD-10221,CUST-2345,Amit Patel,amit.patel567@outlook.com,India,MacBook Air M3,Electronics,1,1299.99,20,1039.99,187.19,0.00,1227.18,UPI,paid_search,completed,2024-11-01,2024-11-03,2024-11-09,true,5
ORD-10222,CUST-4890,Priya Kumar,priya.kumar234@yahoo.com,India,Nike Air Max 270,Footwear,2,149.99,5,284.98,51.29,4.99,341.26,UPI,email,completed,2024-11-02,2024-11-04,2024-11-10,false,4
ORD-10223,CUST-1789,John Davis,john.davis678@gmail.com,USA,Sony WH-1000XM5,Electronics,1,349.99,10,314.99,56.69,0.00,371.68,Credit Card,affiliate,completed,2024-11-03,2024-11-05,2024-11-11,true,4
ORD-10224,CUST-3123,Sarah Johnson,sarah.johnson456@hotmail.com,UK,Apple Watch Series 9,Electronics,1,399.99,0,399.99,71.99,9.99,481.97,Debit Card,referral,completed,2024-11-04,2024-11-06,2024-11-12,false,5
ORD-10225,CUST-2100,Mohammed Williams,mohammed.williams234@gmail.com,UAE,Dyson V15 Vacuum,Home,1,699.99,15,594.99,107.09,14.99,717.07,Apple Pay,direct,completed,2024-11-05,2024-11-07,2024-11-13,true,5
ORD-10226,CUST-1456,Emma Sharma,emma.sharma78@yahoo.com,Australia,Instant Pot Duo,Kitchen,2,89.99,0,179.98,32.39,4.99,217.36,PayPal,social_media,completed,2024-11-06,2024-11-08,2024-11-14,false,4
ORD-10227,CUST-4567,Raj Singh,raj.singh321@gmail.com,India,Kindle Paperwhite,Electronics,3,139.99,0,419.97,75.59,4.99,500.55,UPI,organic,completed,2024-11-07,2024-11-09,2024-11-15,true,5
ORD-10228,CUST-2678,Lisa Garcia,lisa.garcia654@outlook.com,USA,Levi's 501 Jeans,Apparel,2,69.99,20,111.98,20.15,9.99,142.12,Credit Card,paid_search,completed,2024-11-08,2024-11-10,2024-11-16,false,3
ORD-10229,CUST-1234,James Patel,james.patel99@gmail.com,Canada,Yoga Mat Premium,Sports,2,49.99,10,89.98,16.19,4.99,111.16,Debit Card,email,completed,2024-11-09,2024-11-11,2024-11-17,true,5
ORD-10230,CUST-3789,Neha Brown,neha.brown456@yahoo.com,India,GoPro Hero 12,Electronics,1,399.99,0,399.99,71.99,0.00,471.98,UPI,affiliate,cancelled,2024-11-10,,,false,
ORD-10231,CUST-2890,David Kumar,david.kumar890@gmail.com,USA,Ray-Ban Aviators,Accessories,3,154.99,15,394.47,70.99,0.00,465.46,Google Pay,direct,completed,2024-11-12,2024-11-14,2024-11-20,true,4
ORD-10232,CUST-4234,Aisha Singh,aisha.singh567@hotmail.com,UAE,iPad Air M2,Electronics,1,749.99,0,749.99,134.99,0.00,884.98,Credit Card,social_media,completed,2024-11-13,2024-11-15,2024-11-21,false,5
ORD-10233,CUST-1678,Carlos Martinez,carlos.martinez34@gmail.com,USA,Nespresso Vertuo,Kitchen,1,179.99,5,170.99,30.77,4.99,206.75,Credit Card,organic,completed,2024-11-14,2024-11-16,2024-11-22,true,4
ORD-10234,CUST-3456,Yuki Williams,yuki.williams88@yahoo.com,Japan,Fossil Smartwatch,Accessories,2,199.99,20,319.98,57.59,0.00,377.57,PayPal,referral,completed,2024-11-15,2024-11-17,2024-11-23,false,5
ORD-10235,CUST-2456,Chen Singh,chen.singh901@outlook.com,Singapore,Samsung Galaxy S24,Electronics,1,849.99,0,849.99,152.99,0.00,1002.98,Credit Card,paid_search,completed,2024-11-16,2024-11-18,2024-11-24,true,5
ORD-10236,CUST-1890,Maria Gupta,maria.gupta67@gmail.com,India,The North Face Jacket,Apparel,2,249.99,10,449.98,80.99,9.99,540.96,UPI,email,completed,2024-11-17,2024-11-19,2024-11-25,false,4
ORD-10237,CUST-4890,Arjun Davis,arjun.davis234@yahoo.com,India,Protein Powder 5lb,Health,5,59.99,25,224.96,40.49,0.00,265.45,UPI,social_media,completed,2024-11-18,2024-11-20,2024-11-26,true,5
ORD-10238,CUST-2123,Sophie Brown,sophie.brown678@gmail.com,UK,Adidas Ultraboost 23,Footwear,1,189.99,5,180.49,32.48,9.99,222.96,Debit Card,affiliate,completed,2024-11-19,2024-11-21,2024-11-27,false,4
ORD-10239,CUST-1999,Omar Patel,omar.patel44@hotmail.com,UAE,Canon EOS R50,Electronics,1,679.99,0,679.99,122.39,14.99,817.37,Credit Card,direct,refunded,2024-11-20,2024-11-22,,true,
ORD-10240,CUST-3234,Zara Kumar,zara.kumar76@gmail.com,India,iPhone 15 Pro,Electronics,2,999.99,10,1799.98,323.99,0.00,2123.97,UPI,organic,completed,2024-11-21,2024-11-23,2024-11-29,false,5
ORD-10241,CUST-2789,Amit Singh,amit.singh890@outlook.com,India,MacBook Air M3,Electronics,1,1299.99,0,1299.99,233.99,0.00,1533.98,UPI,paid_search,completed,2024-12-01,2024-12-03,2024-12-09,true,5
ORD-10242,CUST-1345,Priya Williams,priya.williams234@yahoo.com,India,Nike Air Max 270,Footwear,1,149.99,15,127.49,22.94,4.99,155.42,UPI,email,completed,2024-12-02,2024-12-04,2024-12-10,false,4
ORD-10243,CUST-4123,John Sharma,john.sharma445@gmail.com,USA,Sony WH-1000XM5,Electronics,2,349.99,5,664.98,119.69,0.00,784.67,Credit Card,affiliate,completed,2024-12-03,2024-12-05,2024-12-11,true,5
ORD-10244,CUST-3678,Sarah Patel,sarah.patel890@hotmail.com,UK,Apple Watch Series 9,Electronics,1,399.99,20,319.99,57.59,9.99,387.57,Debit Card,referral,completed,2024-12-04,2024-12-06,2024-12-12,false,4
ORD-10245,CUST-2567,Mohammed Singh,mohammed.singh567@gmail.com,UAE,Dyson V15 Vacuum,Home,1,699.99,0,699.99,125.99,14.99,840.97,Apple Pay,direct,completed,2024-12-05,2024-12-07,2024-12-13,true,5
ORD-10246,CUST-1678,Emma Kumar,emma.kumar78@yahoo.com,Australia,Instant Pot Duo,Kitchen,4,89.99,10,323.96,58.31,4.99,387.26,PayPal,social_media,completed,2024-12-06,2024-12-08,2024-12-14,false,4
ORD-10247,CUST-4012,Raj Sharma,raj.sharma321@gmail.com,India,Kindle Paperwhite,Electronics,2,139.99,0,279.98,50.39,4.99,335.36,UPI,organic,completed,2024-12-07,2024-12-09,2024-12-15,true,5
ORD-10248,CUST-2890,Lisa Williams,lisa.williams456@outlook.com,USA,Levi's 501 Jeans,Apparel,3,69.99,0,209.97,37.79,9.99,257.75,Credit Card,paid_search,completed,2024-12-08,2024-12-10,2024-12-16,false,3
ORD-10249,CUST-1456,James Johnson,james.johnson99@gmail.com,Canada,Yoga Mat Premium,Sports,1,49.99,5,47.49,8.55,4.99,61.03,Debit Card,email,completed,2024-12-09,2024-12-11,2024-12-17,true,5
ORD-10250,CUST-3890,Neha Garcia,neha.garcia789@yahoo.com,India,GoPro Hero 12,Electronics,1,399.99,20,319.99,57.59,0.00,377.58,UPI,affiliate,completed,2024-12-10,2024-12-12,2024-12-18,false,4
ORD-10251,CUST-2345,David Singh,david.singh234@gmail.com,USA,Ray-Ban Aviators,Accessories,2,154.99,0,309.98,55.79,0.00,365.77,Google Pay,direct,completed,2024-12-12,2024-12-14,2024-12-20,true,5
ORD-10252,CUST-4456,Aisha Patel,aisha.patel890@hotmail.com,UAE,iPad Air M2,Electronics,1,749.99,10,674.99,121.49,0.00,796.48,Credit Card,social_media,completed,2024-12-13,2024-12-15,2024-12-21,false,5
ORD-10253,CUST-1789,Carlos Kumar,carlos.kumar890@gmail.com,USA,Nespresso Vertuo,Kitchen,3,179.99,15,458.97,82.61,4.99,546.57,Credit Card,organic,processing,2024-12-14,,,true,
ORD-10254,CUST-3123,Yuki Davis,yuki.davis88@yahoo.com,Japan,Fossil Smartwatch,Accessories,1,199.99,0,199.99,35.99,0.00,235.98,PayPal,referral,completed,2024-12-15,2024-12-17,2024-12-23,false,4
ORD-10255,CUST-2100,Chen Sharma,chen.sharma123@outlook.com,Singapore,Samsung Galaxy S24,Electronics,1,849.99,20,679.99,122.39,0.00,802.38,Credit Card,paid_search,completed,2024-12-16,2024-12-18,2024-12-24,true,5
ORD-10256,CUST-1234,Maria Williams,maria.williams67@gmail.com,India,The North Face Jacket,Apparel,1,249.99,0,249.99,44.99,9.99,304.97,UPI,email,completed,2024-12-17,2024-12-19,2024-12-25,false,4
ORD-10257,CUST-4890,Arjun Singh,arjun.singh678@yahoo.com,India,Protein Powder 5lb,Health,2,59.99,10,107.98,19.43,0.00,127.41,UPI,social_media,completed,2024-12-18,2024-12-20,2024-12-26,true,5
ORD-10258,CUST-2678,Sophie Johnson,sophie.johnson234@gmail.com,UK,Adidas Ultraboost 23,Footwear,2,189.99,20,303.98,54.71,9.99,368.68,Debit Card,affiliate,completed,2024-12-19,2024-12-21,2024-12-27,false,4
ORD-10259,CUST-1999,Omar Williams,omar.williams789@hotmail.com,UAE,Canon EOS R50,Electronics,1,679.99,5,645.99,116.27,14.99,777.25,Credit Card,direct,completed,2024-12-20,2024-12-22,2024-12-28,true,5
ORD-10260,CUST-3456,Zara Singh,zara.singh890@gmail.com,India,iPhone 15 Pro,Electronics,1,999.99,0,999.99,179.99,0.00,1179.98,UPI,organic,completed,2024-12-21,2024-12-23,2024-12-29,false,5
ORD-10261,CUST-2567,Amit Kumar,amit.kumar567@outlook.com,India,MacBook Air M3,Electronics,1,1299.99,10,1169.99,210.59,0.00,1380.58,UPI,paid_search,completed,2025-01-03,2025-01-05,2025-01-11,true,5
ORD-10262,CUST-1890,Priya Sharma,priya.sharma891@yahoo.com,India,Nike Air Max 270,Footwear,3,149.99,5,427.47,76.94,4.99,509.40,UPI,email,completed,2025-01-04,2025-01-06,2025-01-12,false,4
ORD-10263,CUST-4567,John Williams,john.williams678@gmail.com,USA,Sony WH-1000XM5,Electronics,1,349.99,0,349.99,62.99,0.00,412.98,Credit Card,affiliate,completed,2025-01-05,2025-01-07,2025-01-13,true,4
ORD-10264,CUST-3234,Sarah Martinez,sarah.martinez890@hotmail.com,UK,Apple Watch Series 9,Electronics,2,399.99,15,679.98,122.39,9.99,812.36,Debit Card,referral,completed,2025-01-06,2025-01-08,2025-01-14,false,5
ORD-10265,CUST-2123,Mohammed Patel,mohammed.patel234@gmail.com,UAE,Dyson V15 Vacuum,Home,1,699.99,20,559.99,100.79,14.99,675.77,Apple Pay,direct,completed,2025-01-07,2025-01-09,2025-01-15,true,5
ORD-10266,CUST-1456,Emma Singh,emma.singh78@yahoo.com,Australia,Instant Pot Duo,Kitchen,2,89.99,0,179.98,32.39,4.99,217.36,PayPal,social_media,completed,2025-01-08,2025-01-10,2025-01-16,false,3
ORD-10267,CUST-4123,Raj Patel,raj.patel321@gmail.com,India,Kindle Paperwhite,Electronics,1,139.99,5,132.99,23.93,4.99,161.91,UPI,organic,completed,2025-01-09,2025-01-11,2025-01-17,true,5
ORD-10268,CUST-2890,Lisa Davis,lisa.davis234@outlook.com,USA,Levi's 501 Jeans,Apparel,2,69.99,10,125.98,22.67,9.99,158.64,Credit Card,paid_search,processing,2025-01-10,,,false,
ORD-10269,CUST-1678,James Brown,james.brown99@gmail.com,Canada,Yoga Mat Premium,Sports,4,49.99,0,199.96,35.99,4.99,240.94,Debit Card,email,completed,2025-01-11,2025-01-13,2025-01-19,true,4
ORD-10270,CUST-3678,Neha Williams,neha.williams456@yahoo.com,India,GoPro Hero 12,Electronics,1,399.99,10,359.99,64.79,0.00,424.78,UPI,affiliate,completed,2025-01-12,2025-01-14,2025-01-20,false,5
ORD-10271,CUST-2456,David Patel,david.patel890@gmail.com,USA,Ray-Ban Aviators,Accessories,2,154.99,5,294.48,52.99,0.00,347.47,Google Pay,direct,completed,2025-01-14,2025-01-16,2025-01-22,true,4
ORD-10272,CUST-1345,Aisha Kumar,aisha.kumar567@hotmail.com,UAE,iPad Air M2,Electronics,1,749.99,0,749.99,134.99,0.00,884.98,Credit Card,social_media,completed,2025-01-15,2025-01-17,2025-01-23,false,5
ORD-10273,CUST-4234,Carlos Singh,carlos.singh234@gmail.com,USA,Nespresso Vertuo,Kitchen,2,179.99,10,323.98,58.31,4.99,387.28,Credit Card,organic,completed,2025-01-16,2025-01-18,2025-01-24,true,4
ORD-10274,CUST-2789,Yuki Sharma,yuki.sharma88@yahoo.com,Japan,Fossil Smartwatch,Accessories,1,199.99,25,149.99,26.99,0.00,176.98,PayPal,referral,completed,2025-01-17,2025-01-19,2025-01-25,false,4
ORD-10275,CUST-1789,Chen Williams,chen.williams567@outlook.com,Singapore,Samsung Galaxy S24,Electronics,2,849.99,10,1529.98,275.39,0.00,1805.37,Credit Card,paid_search,completed,2025-01-18,2025-01-20,2025-01-26,true,5
ORD-10276,CUST-3890,Maria Patel,maria.patel67@gmail.com,India,The North Face Jacket,Apparel,1,249.99,5,237.49,42.74,9.99,290.22,UPI,email,completed,2025-01-19,2025-01-21,2025-01-27,false,4
ORD-10277,CUST-2345,Arjun Kumar,arjun.kumar890@yahoo.com,India,Protein Powder 5lb,Health,3,59.99,15,152.97,27.53,0.00,180.50,UPI,social_media,cancelled,2025-01-20,,,true,
ORD-10278,CUST-4012,Sophie Williams,sophie.williams678@gmail.com,UK,Adidas Ultraboost 23,Footwear,1,189.99,0,189.99,34.19,9.99,234.17,Debit Card,affiliate,completed,2025-01-21,2025-01-23,2025-01-29,false,5
ORD-10279,CUST-1999,Omar Singh,omar.singh44@hotmail.com,UAE,Canon EOS R50,Electronics,1,679.99,15,577.99,104.03,14.99,696.01,Credit Card,direct,completed,2025-01-22,2025-01-24,2025-01-30,true,4
ORD-10280,CUST-3567,Zara Patel,zara.patel890@gmail.com,India,iPhone 15 Pro,Electronics,1,999.99,10,899.99,161.99,0.00,1061.98,UPI,organic,completed,2025-01-23,2025-01-25,2025-01-31,false,5
ORD-10281,CUST-2100,Amit Williams,amit.williams234@outlook.com,India,MacBook Air M3,Electronics,1,1299.99,0,1299.99,233.99,0.00,1533.98,UPI,paid_search,completed,2025-02-03,2025-02-05,2025-02-11,true,5
ORD-10282,CUST-1234,Priya Davis,priya.davis891@yahoo.com,India,Nike Air Max 270,Footwear,2,149.99,20,239.98,43.19,4.99,288.16,UPI,email,completed,2025-02-04,2025-02-06,2025-02-12,false,4
ORD-10283,CUST-4890,John Singh,john.singh678@gmail.com,USA,Sony WH-1000XM5,Electronics,1,349.99,5,332.49,59.84,0.00,392.33,Credit Card,affiliate,completed,2025-02-05,2025-02-07,2025-02-13,true,5
ORD-10284,CUST-3123,Sarah Brown,sarah.brown890@hotmail.com,UK,Apple Watch Series 9,Electronics,1,399.99,0,399.99,71.99,9.99,481.97,Debit Card,referral,shipped,2025-02-06,2025-02-08,,false,
ORD-10285,CUST-2678,Mohammed Kumar,mohammed.kumar567@gmail.com,UAE,Dyson V15 Vacuum,Home,1,699.99,10,629.99,113.39,14.99,758.37,Apple Pay,direct,completed,2025-02-07,2025-02-09,2025-02-15,true,5
ORD-10286,CUST-1567,Emma Williams,emma.williams78@yahoo.com,Australia,Instant Pot Duo,Kitchen,3,89.99,5,256.47,46.16,4.99,307.62,PayPal,social_media,completed,2025-02-08,2025-02-10,2025-02-16,false,4
ORD-10287,CUST-4456,Raj Johnson,raj.johnson321@gmail.com,India,Kindle Paperwhite,Electronics,2,139.99,0,279.98,50.39,4.99,335.36,UPI,organic,completed,2025-02-09,2025-02-11,2025-02-17,true,4
ORD-10288,CUST-2890,Lisa Patel,lisa.patel654@outlook.com,USA,Levi's 501 Jeans,Apparel,3,69.99,15,178.47,32.12,9.99,220.58,Credit Card,paid_search,completed,2025-02-10,2025-02-12,2025-02-18,false,3
ORD-10289,CUST-1890,James Garcia,james.garcia99@gmail.com,Canada,Yoga Mat Premium,Sports,2,49.99,0,99.98,17.99,4.99,122.96,Debit Card,email,completed,2025-02-11,2025-02-13,2025-02-19,true,5
ORD-10290,CUST-3789,Neha Kumar,neha.kumar789@yahoo.com,India,GoPro Hero 12,Electronics,1,399.99,20,319.99,57.59,0.00,377.58,UPI,affiliate,completed,2025-02-12,2025-02-14,2025-02-20,false,4
ORD-10291,CUST-2456,David Williams,david.williams890@gmail.com,USA,Ray-Ban Aviators,Accessories,1,154.99,0,154.99,27.89,0.00,182.88,Google Pay,direct,completed,2025-02-14,2025-02-16,2025-02-22,true,5
ORD-10292,CUST-4234,Aisha Singh,aisha.singh567@hotmail.com,UAE,iPad Air M2,Electronics,1,749.99,25,562.49,101.24,0.00,663.73,Credit Card,social_media,completed,2025-02-15,2025-02-17,2025-02-23,false,5
ORD-10293,CUST-1678,Carlos Patel,carlos.patel890@gmail.com,USA,Nespresso Vertuo,Kitchen,1,179.99,0,179.99,32.39,4.99,217.37,Credit Card,organic,completed,2025-02-16,2025-02-18,2025-02-24,true,4
ORD-10294,CUST-3456,Yuki Sharma,yuki.sharma34@yahoo.com,Japan,Fossil Smartwatch,Accessories,2,199.99,10,359.98,64.79,0.00,424.77,PayPal,referral,completed,2025-02-17,2025-02-19,2025-02-25,false,4
ORD-10295,CUST-2123,Chen Gupta,chen.gupta123@outlook.com,Singapore,Samsung Galaxy S24,Electronics,1,849.99,5,807.49,145.34,0.00,952.83,Credit Card,paid_search,completed,2025-02-18,2025-02-20,2025-02-26,true,5
ORD-10296,CUST-1345,Maria Singh,maria.singh67@gmail.com,India,The North Face Jacket,Apparel,2,249.99,20,399.98,71.99,9.99,481.96,UPI,email,completed,2025-02-19,2025-02-21,2025-02-27,false,4
ORD-10297,CUST-4012,Arjun Williams,arjun.williams678@yahoo.com,India,Protein Powder 5lb,Health,4,59.99,0,239.96,43.19,0.00,283.15,UPI,social_media,completed,2025-02-20,2025-02-22,2025-02-28,true,5
ORD-10298,CUST-2789,Sophie Johnson,sophie.johnson234@gmail.com,UK,Adidas Ultraboost 23,Footwear,1,189.99,15,161.49,29.06,9.99,200.54,Debit Card,affiliate,completed,2025-02-21,2025-02-23,2025-02-27,false,5
ORD-10299,CUST-1999,Omar Patel,omar.patel890@hotmail.com,UAE,Canon EOS R50,Electronics,1,679.99,0,679.99,122.39,14.99,817.37,Credit Card,direct,completed,2025-02-22,2025-02-24,2025-02-28,true,5
ORD-10300,CUST-3234,Zara Williams,zara.williams234@gmail.com,India,iPhone 15 Pro,Electronics,2,999.99,5,1899.98,341.99,0.00,2241.97,UPI,organic,completed,2025-02-23,2025-02-25,2025-03-03,false,5
